1	Lukas	Mcintosh	8944 Glen Creek Lane	TN	37128
2	Tara	Barrett	132 Westport Ave.	MA	01887
3	Brenton	Mcneil	82 Bay Meadows Court	KY	40165
4	Jon	Moreno	298 William St.	MD	21801
5	Chace	Buck	32 Arnold Drive	NJ	08817
6	Braylen	Sawyer	8871 Plymouth St.	CA	91733
7	Virginia	Zuniga	7907 Carriage St.	CT	06851
8	Kenna	Barrera	655 North Longfellow Avenue	OH	44024
9	Samantha	Blackburn	400 Windsor Drive	VA	20147
10	Lincoln	Carroll	325 New Saddle Street	MT	59101
11	Alisha	Woodard	204 Logan St.	WI	54650
12	Nathaly	Floyd	4 Hilldale Dr.	TX	75088
13	Isabella	Bonilla	8 NW. Pawnee St.	WA	98604
14	Rhianna	Taylor	86 Kingston Street	IN	46375
15	Zane	Castaneda	102A Mill Pond Drive	NY	10550
16	Tyrese	Porter	7127 White Ave.	WI	54401
17	Bria	Lowery	7446 Leeton Ridge St.	NJ	07030
18	Clayton	Peters	209 Argyle Street	PA	19050
19	Jazlyn	Warner	64 Fairway Dr.	NJ	07065
20	Jaylee	Randall	7494 Trusel St.	NY	11357
21	Aidyn	Boyer	437 Gonzales Street	ND	58078
22	Kirsten	Hess	7691 Primrose Ave.	KY	42431
23	Michelle	Fowler	461 Edgewater Court	MD	20715
24	Bobby	Key	67 Rockcrest Ave.	AL	36067
25	Danny	Young	43 Briarwood St.	MI	48060
26	Damari	Cameron	81 Tarkiln Hill St.	MA	01810
27	Jessie	Morris	9109 Ridgeview Court	MA	02130
28	Saniya	Bruce	78 Bishop Dr.	NJ	08060
29	Emelia	Escobar	854 Plumb Branch Street	MD	21044
30	Bryanna	Duran	4 Riverview Rd.	FL	33125
31	Alena	Riggs	70 Grandrose Dr.	IA	51106
32	Emmalee	Preston	7124 Tower Drive	WI	54302
33	Madyson	Strong	712 E. Silver Spear St.	IL	60142
34	Maci	Travis	85 North Augusta Street	NY	11372
35	Hadassah	Douglas	271 Ridgewood Court	NC	27265
36	Delilah	Herring	64 Glen Eagles Ave.	IL	60031
37	Alma	Cantrell	8696 Sussex St.	NJ	08861
38	Alan	Brennan	10 North Woodside St.	NY	13090
39	Brody	Doyle	8100 Randall Mill Avenue	NC	27909
40	Zaiden	Harrell	66 W. Bishop Drive	CT	06405
41	Edgar	Palmer	7378 Middle River St.	MA	01844
42	Rocco	Roberts	9645 Rockaway Avenue	TN	37830
43	Teresa	Hutchinson	51 School Lane	IL	60115
44	Liberty	French	23 Theatre Lane	MA	02176
45	Luka	Best	288 Carson St.	MD	20746
46	Ayla	Cisneros	8406 Addison Ave.	NJ	08003
47	Kaylen	Flynn	186 Dogwood Lane	CA	92806
48	Yasmine	Gibson	33 Linden Ave.	NY	11104
49	Kareem	Gibbs	27 Addison St.	KS	66801
50	Mariana	Little	92 East Wrangler Road	NJ	07036
51	Jace	Knight	100 N. Philmont Road	MI	48195
52	Johanna	Nguyen	9248 Bayport Street	MA	01960
53	Laura	Farley	213 State Street	KY	40004
54	America	Hebert	564 Railroad Lane	MD	20735
55	Derick	Fisher	160 Colonial Drive	OH	43123
56	Kevin	Harding	79 Pineknoll St.	MN	55033
57	Lara	Salazar	91 East Ann St.	MA	02446
58	Anaya	West	8621 Oakwood Court	VA	23223
59	Adolfo	Duffy	69A Sulphur Springs Ave.	MD	21075
60	Amaris	Montes	41 Lake St.	CT	06484
61	Keagan	Mendez	8 Penn St.	NY	11102
62	Rose	Cowan	387 Somerset Road	MD	21133
63	Dennis	Abbott	8609 E. Ryan Lane	PA	15001
64	Peter	Landry	2 Shipley Street	MD	20748
65	Lara	Pace	7271 Brandywine Street	MI	49022
66	Coleman	Bryan	7770 Rockville Street	CT	06106
67	Makena	Pope	641 West Broad Lane	MN	55060
68	Raquel	Hayes	78 Southampton Drive	IL	60085
69	Mike	Acevedo	76 Talbot Lane	FL	32714
70	Tyrone	Wise	8824 Goldfield St.	PA	19020
71	Marely	Dorsey	7648 Sunbeam Ave.	CO	80241
72	Sandra	Avila	87 Pendergast St.	MD	20832
73	Jayvon	Adkins	8007 High Noon Street	MN	55316
74	Mekhi	Webb	8142 Birch Hill Rd.	NC	28752
75	Elliot	Ortiz	85 Colonial Street	NC	28625
76	Evelin	Gardner	402 Courtland Ave.	NC	27302
77	Max	Farmer	309 Euclid Drive	VA	23503
78	Malia	Sutton	884 New Ave.	FL	32792
79	Jovanni	Rogers	67 West Woodsman Rd.	NC	28348
80	Donna	Crane	23 Dogwood Lane	PA	17325
81	Raul	Dunlap	540 Sleepy Hollow Court	MA	01453
82	Zaid	Simon	523 South Glenwood St.	GA	30263
83	Nia	Madden	90 Arrowhead Street	FL	34997
84	Iliana	Fletcher	1 Applegate Drive	MI	49684
85	Randy	Richardson	882 Marsh Rd.	TX	78023
86	Dashawn	Donaldson	94 Evergreen Ave.	NJ	07039
87	Lesly	Braun	431 Rocky River Ave.	VA	23860
88	Conor	Lester	8260 White Street	TN	37876
89	Kristen	Tate	8757 Temple Lane	NC	28601
90	Paityn	Hurst	383 8th Lane	NJ	07726
91	Shawn	Lam	9198 S. Pawnee St.	MI	48212
92	Tyrone	York	487 Bow Ridge Street	VA	23320
93	Madilyn	Atkins	25 Valley Farms Avenue	FL	34668
94	Mariela	Atkins	9393 SE. Division Rd.	MN	55082
95	Ignacio	Moran	246 West Rockland Road	NY	11364
96	Levi	Parrish	845 E. South Ave.	VA	24502
97	Lilianna	Schultz	771 Olive Ave.	NY	11530
98	Jessica	Harrell	7818 North Bohemia Rd.	FL	34698
99	Aubree	Yang	8345 Rock Creek Street	IL	60102
100	Ayanna	Salazar	9 W. Military Drive	MS	39759R
