console games	6000
used games	6001
PC games	6002
hand-held consoles	6003
horror games	6004
retro games	6005
console games	6006
horror games	6007
retro games	6008
hand-held consoles	6009
hand-held consoles	6010
fighting games	6011
used games	6012
fighting games	6013
hand-held consoles	6014
horror games	6015
hand-held consoles	6016
horror games	6017
fighting games	6018
console games	6019
console games	6020
console games	6021
console games	6022
new games	6023
used games	6024
PC games	6025
fighting games	6026
PC games	6027
used games	6028
retro games	6029
retro games	6030
hand-held consoles	6031
new games	6032
used games	6033
new games	6034
retro games	6035
new games	6036
retro games	6037
retro games	6038
used games	6039
hand-held consoles	6040
horror games	6041
retro games	6042
console games	6043
used games	6044
console games	6045
PC games	6046
new games	6047
retro games	6048
fighting games	6049
